email,name
jaime.cox@newemail.com,Jaime Cox
gerald.mason@newemail.com,Gerald Mason
katherine.haskins@newemail.com,Katherine Haskins
david.nunez@newemail.com,David Nunez
annie.chambers@newemail.com,Annie Chambers
robin.cooper@newemail.com,Robin Cooper
stephanie.gray@newemail.com,Stephanie Gray
cary.cantella@newemail.com,Cary Cantella
norma.mckee@newemail.com,Norma Mckee
mitchell.wagner@newemail.com,Mitchell Wagner
chris.theriault@newemail.com,Chris Theriault
ken.horst@newemail.com,Ken Horst
jeffrey.benjamin@newemail.com,Jeffrey Benjamin
alex.martin@newemail.com,Alex Martin
howard.mckinney@newemail.com,Howard Mckinney
sharron.smith@newemail.com,Sharron Smith
ernest.downey@newemail.com,Ernest Downey
albert.uccio@newemail.com,Albert Uccio
alexia.flesher@newemail.com,Alexia Flesher
alan.cherry@newemail.com,Alan Cherry
tisha.wall@newemail.com,Tisha Wall
ryan.metzner@newemail.com,Ryan Metzner
edward.rice@newemail.com,Edward Rice
ronald.washinski@newemail.com,Ronald Washinski
joaquin.davis@newemail.com,Joaquin Davis
gabriel.saucedo@newemail.com,Gabriel Saucedo
larry.brooker@newemail.com,Larry Brooker
martin.lewis@newemail.com,Martin Lewis
scott.coburn@newemail.com,Scott Coburn
gail.tucker@newemail.com,Gail Tucker
anna.trevino@newemail.com,Anna Trevino
glen.gay@newemail.com,Glen Gay
larry.williamson@newemail.com,Larry Williamson
donna.richardson@newemail.com,Donna Richardson
frederick.rose@newemail.com,Frederick Rose
justin.key@newemail.com,Justin Key
richard.mcgee@newemail.com,Richard Mcgee
ralph.snead@newemail.com,Ralph Snead
martin.byrd@newemail.com,Martin Byrd
kelly.thomas@newemail.com,Kelly Thomas
angela.jones@newemail.com,Angela Jones
william.wiggins@newemail.com,William Wiggins
betty.harbin@newemail.com,Betty Harbin
ray.burgess@newemail.com,Ray Burgess
mark.nesbit@newemail.com,Mark Nesbit
mark.harris@newemail.com,Mark Harris
bethany.butters@newemail.com,Bethany Butters
john.mcguire@newemail.com,John Mcguire
joseph.stelzer@newemail.com,Joseph Stelzer
hilda.bolivar@newemail.com,Hilda Bolivar
